{"cameraMode":{"drawMode":0,"name":"Shaded","section":"Shading Mode"},"sceneLighting":false,"audioPlay":false,"sceneViewState":{"m_AlwaysRefresh":false,"showFog":true,"showSkybox":false,"showFlares":true,"showImageEffects":true,"showParticleSystems":true,"showVisualEffectGraphs":true,"m_FxEnabled":true},"in2DMode":false,"pivot":{"x":5.960464477539063e-8,"y":5.960464477539063e-8,"z":1.7881393432617188e-7},"rotation":{"x":-0.21722649037837983,"y":0.6266195178031921,"z":-0.18788515031337739,"w":-0.7244749069213867},"size":2.1874027252197267,"orthographic":false}