{"cameraMode":{"drawMode":0,"name":"Shaded","section":"Shading Mode"},"sceneLighting":false,"audioPlay":false,"sceneViewState":{"m_AlwaysRefresh":false,"showFog":true,"showSkybox":false,"showFlares":true,"showImageEffects":true,"showParticleSystems":true,"showVisualEffectGraphs":true,"m_FxEnabled":true},"in2DMode":false,"pivot":{"x":0.8884888887405396,"y":-1.341104507446289e-7,"z":0.8884889483451843},"rotation":{"x":-0.21722649037837983,"y":0.6266195178031921,"z":-0.18788515031337739,"w":-0.7244749069213867},"size":1.2679150104522706,"orthographic":false}