{"cameraMode":{"drawMode":0,"name":"Shaded","section":"Shading Mode"},"sceneLighting":true,"audioPlay":false,"sceneViewState":{"m_AlwaysRefresh":false,"showFog":true,"showSkybox":true,"showFlares":true,"showImageEffects":true,"showParticleSystems":true,"showVisualEffectGraphs":true,"m_FxEnabled":true},"in2DMode":false,"pivot":{"x":0.1253737211227417,"y":1.2590047121047974,"z":-1.2344954013824463},"rotation":{"x":-0.21387362480163575,"y":-0.13953574001789094,"z":0.030882135033607484,"w":-0.9663524031639099},"size":2.0668528079986574,"orthographic":false}